{
  "ZoneA": {
    "area": [[53.176282, 50.069139], [53.193922, 50.086219], [53.185261, 50.143603], [53.173859, 50.074114]],
    "altitude": 120,
    "height": 200
  },
  "ZoneB": {
    "area": [[53.188941, 50.138672], [53.200339, 50.094811], [53.213169, 50.127987], [53.170969, 50.194748]],
    "altitude": 116,
    "height": 200
  }
}
